{
    "query": {
        "apikey": "0de05fd0-98eb-11ec-9c40-0bcac18a55c1",
        "timestamp": 1646090066,
        "base_currency": "USD"
    },
    "data": {
        "JPY": 115.00346,
        "CNY": 6.31283,
        "CHF": 0.91704,
        "CAD": 1.26723,
        "MXN": 20.48046,
        "INR": 75.49424,
        "BRL": 5.16005,
        "RUB": 101.04196,
        "KRW": 1197.69201,
        "IDR": 14365.24768,
        "TRY": 13.85212,
        "SAR": 3.7517,
        "SEK": 9.45058,
        "NGN": 415.52427,
        "PLN": 4.18132,
        "ARS": 107.39245,
        "NOK": 8.80399,
        "TWD": 27.97343,
        "IRR": 42000.96757,
        "AED": 3.67268,
        "COP": 3933.08284,
        "THB": 32.64053,
        "ZAR": 15.36148,
        "DKK": 6.62836,
        "MYR": 4.1961,
        "SGD": 1.35493,
        "ILS": 3.20068,
        "HKD": 7.8141,
        "EGP": 15.66041,
        "PHP": 51.17073,
        "CLP": 798.02045,
        "PKR": 177.2536,
        "IQD": 1458.52505,
        "DZD": 141.03038,
        "KZT": 488.09959,
        "QAR": 3.64576,
        "CZK": 22.38157,
        "PEN": 3.77307,
        "RON": 4.40646,
        "VND": 22805.4137,
        "BDT": 85.77206,
        "HUF": 329.67761,
        "UAH": 29.7003,
        "AOA": 492.01441,
        "MAD": 9.54381,
        "OMR": 0.38491,
        "CUC": 24.00071,
        "BYR": 3.05005,
        "AZN": 1.69502,
        "LKR": 201.00252,
        "SDG": 443.50593,
        "SYP": 2511.05374,
        "MMK": 1769.53973,
        "DOP": 54.41149,
        "UZS": 10867.53161,
        "KES": 113.75142,
        "GTQ": 7.71013,
        "URY": 42.53078,
        "HRV": 6.74291,
        "MOP": 8.04816,
        "ETB": 50.78001,
        "CRC": 641.10663,
        "TZS": 2310.03178,
        "TMT": 3.49007,
        "TND": 2.89444,
        "PAB": 1.00002,
        "LBP": 1505.53039,
        "RSD": 104.58215,
        "LYD": 4.60389,
        "GHS": 6.65011,
        "YER": 249.95734,
        "BOB": 6.80017,
        "BHD": 0.37701,
        "CDF": 1995.05817,
        "PYG": 6981.15066,
        "UGX": 3534.56217,
        "SVC": 8.74996,
        "TTD": 6.74586,
        "AFN": 91.69233,
        "NPR": 120.54122,
        "HNL": 24.45044,
        "BIH": 1.74374,
        "BND": 1.35452,
        "ISK": 126.23296,
        "KHR": 4056.08135,
        "GEL": 3.15006,
        "MZN": 63.20182,
        "BWP": 11.65899,
        "PGK": 3.54176,
        "JMD": 153.00322,
        "XAF": 584.59344,
        "NAD": 15.40033,
        "ALL": 107.90206,
        "SSP": 426.30275,
        "MUR": 43.35046,
        "MNT": 2850.06003,
        "NIO": 35.45052,
        "LAK": 11355.29066,
        "MKD": 54.74073,
        "AMD": 479.5137,
        "MGA": 3980.04631,
        "XPF": 106.2018,
        "TJS": 11.28029,
        "HTG": 103.01831,
        "BSD": 1.00002,
        "MDL": 17.9353,
        "RWF": 1005.01316,
        "KGS": 84.50166,
        "GNF": 8887.20244,
        "SRD": 20.41652,
        "SLL": 11580.2159,
        "XOF": 584.01218,
        "MWK": 803.66312,
        "FJD": 2.13562,
        "ERN": 15.07019,
        "SZL": 15.33186,
        "GYD": 207.77259,
        "BIF": 1998.55306,
        "KYD": 0.82501,
        "MVR": 15.42044,
        "LSL": 15.33713,
        "LRD": 152.90209,
        "CVE": 98.26285,
        "DJF": 177.50414,
        "SCR": 13.72718,
        "SOS": 575.01164,
        "GMD": 53.10084,
        "KMF": 438.55552,
        "STD": 21.84432,
        "BTC": 0.024,
        "XRP": 1.30491,
        "AUD": 1.37737,
        "BGN": 1.74264,
        "JOD": 0.70742,
        "GBP": 0.74536,
        "ETH": 0.00035,
        "EUR": 0.89131,
        "LTC": 0.00911,
        "NZD": 1.47767
    }
}
